
    {
      "Name": "STAR India India Private Limited"
    },
    {
      "Name": "Zee Entertainment Enterprises Limited"
    },
    {
      "Name": "Sony Pictures Networks India Private Limited"
    },
    {
      "Name": "TV 18 Broadcast Ltd."
    },
    {
      "Name": "Disney Broadcasting India Ltd."
    },
    {
      "Name": "SUN TV Network"
    },
    {
      "Name": "TV Today Network Ltd."
    },
    {
      "Name": "New Delhi Television Limited (NDTV)"
    },
    {
      "Name": "Odisha Television"
    },
    {
      "Name": "Mavis Satcom Limted"
    },
    {
      "Name": "ABP News Network"
    },
    {
      "Name": "Sliverstar Communications Ltd."
    },
    {
      "Name": "Turner International Pvt Ltd."
    },
    {
      "Name": "Bennett, Coleman & Company Limited (Times Network)"
    },
    {
      "Name": "Disney Broadcasting (India) Limited"
    },
    {
      "Name": "Raj Television Network Limited"
    },
    {
      "Name": "Eenadu Television Pvt Limited"
    }